;Planarity[A]	Planarity std[A]	Twist[deg]	Twist std[deg]	Chains	Topology	Loops
2MBJ	2_plus_2	0.15	0.05	24.09	5.02	1	LPL	GGGTTA|GGGTTA|GGGTTA
2MBJ	2_plus_2	0.15	0.04	24.39	3.47	1	LPL	GGGTTA|GGGTTA|GGGTTA
2MBJ	2_plus_2	0.12	0.06	24.26	3.57	1	LPL	GGGTTA|GGGTTA|GGGTTA
2MBJ	2_plus_2	0.18	0.08	22.84	3.88	1	LPL	GGGTTA|GGGTTA|GGGTTA
2MBJ	2_plus_2	0.15	0.06	23.77	4.16	1	LPL	GGGTTA|GGGTTA|GGGTTA
2MBJ	2_plus_2	0.15	0.08	24.09	4.01	1	LPL	GGGTTA|GGGTTA|GGGTTA
2MBJ	2_plus_2	0.15	0.05	24.50	5.26	1	LPL	GGGTTA|GGGTTA|GGGTTA
2MBJ	2_plus_2	0.12	0.02	24.19	3.51	1	LPL	GGGTTA|GGGTTA|GGGTTA
2MBJ	2_plus_2	0.14	0.03	24.27	3.29	1	LPL	GGGTTA|GGGTTA|GGGTTA
2MBJ	2_plus_2	0.15	0.11	23.73	2.84	1	LPL	GGGTTA|GGGTTA|GGGTTA
2MB3	3_plus_1	0.52	0.12	17.99	6.08	1	PLL	GGGTTA|GGGTTA|GGGTTA
2MB3	3_plus_1	0.39	0.32	19.66	4.16	1	PLL	GGGTTA|GGGTTA|GGGTTA
2MB3	3_plus_1	0.36	0.24	21.83	5.40	1	PLL	GGGTTA|GGGTTA|GGGTTA
2MB3	3_plus_1	0.38	0.29	22.04	5.18	1	PLL	GGGTTA|GGGTTA|GGGTTA
2MB3	3_plus_1	0.36	0.23	20.76	1.84	1	PLL	GGGTTA|GGGTTA|GGGTTA
2MB3	3_plus_1	0.39	0.12	22.22	5.64	1	PLL	GGGTTA|GGGTTA|GGGTTA
2MB3	3_plus_1	0.45	0.27	21.23	5.66	1	PLL	GGGTTA|GGGTTA|GGGTTA
2MB3	3_plus_1	0.38	0.08	21.43	5.60	1	PLL	GGGTTA|GGGTTA|GGGTTA
2MB3	3_plus_1	0.29	0.10	23.59	5.62	1	PLL	GGGTTA|GGGTTA|GGGTTA
2MB3	3_plus_1	0.37	0.23	20.39	4.18	1	PLL	GGGTTA|GGGTTA|GGGTTA
2HY9	3_plus_1	0.15	0.03	21.71	4.18	1	PLL	GGGTTA|GGGTTA|GGGTTA
2HY9	3_plus_1	0.19	0.04	23.31	3.03	1	PLL	GGGTTA|GGGTTA|GGGTTA
2HY9	3_plus_1	0.15	0.04	22.09	3.44	1	PLL	GGGTTA|GGGTTA|GGGTTA
2HY9	3_plus_1	0.17	0.04	22.69	3.88	1	PLL	GGGTTA|GGGTTA|GGGTTA
2HY9	3_plus_1	0.16	0.04	22.81	2.91	1	PLL	GGGTTA|GGGTTA|GGGTTA
2HY9	3_plus_1	0.16	0.03	23.05	3.30	1	PLL	GGGTTA|GGGTTA|GGGTTA
2HY9	3_plus_1	0.15	0.04	22.59	2.44	1	PLL	GGGTTA|GGGTTA|GGGTTA
2HY9	3_plus_1	0.15	0.03	23.14	2.94	1	PLL	GGGTTA|GGGTTA|GGGTTA
2HY9	3_plus_1	0.18	0.04	22.74	2.30	1	PLL	GGGTTA|GGGTTA|GGGTTA
2HY9	3_plus_1	0.13	0.03	22.10	2.53	1	PLL	GGGTTA|GGGTTA|GGGTTA
2JSL	3_plus_1	0.28	0.09	21.66	2.04	1	LLP	GGGTTA|GGGTTA|GGGTTA
2JSL	3_plus_1	0.14	0.05	22.89	2.00	1	LLP	GGGTTA|GGGTTA|GGGTTA
2JSL	3_plus_1	0.15	0.06	22.91	1.52	1	LLP	GGGTTA|GGGTTA|GGGTTA
2JSL	3_plus_1	0.13	0.06	23.26	1.99	1	LLP	GGGTTA|GGGTTA|GGGTTA
2JSL	3_plus_1	0.15	0.08	22.74	2.36	1	LLP	GGGTTA|GGGTTA|GGGTTA
2JSL	3_plus_1	0.21	0.11	22.10	1.65	1	LLP	GGGTTA|GGGTTA|GGGTTA
2JSL	3_plus_1	0.19	0.01	23.02	2.78	1	LLP	GGGTTA|GGGTTA|GGGTTA
2JSL	3_plus_1	0.26	0.11	22.90	2.18	1	LLP	GGGTTA|GGGTTA|GGGTTA
2JSL	3_plus_1	0.21	0.05	22.78	2.46	1	LLP	GGGTTA|GGGTTA|GGGTTA
2JSL	3_plus_1	0.17	0.03	21.47	2.43	1	LLP	GGGTTA|GGGTTA|GGGTTA
2KZD	3_plus_1	0.13	0.09	24.71	3.14	1	LLP	GGGIAG|GGGCT|GGGA
2KZD	3_plus_1	0.11	0.06	25.33	3.44	1	LLP	GGGIAG|GGGCT|GGGA
2KZD	3_plus_1	0.07	0.04	24.25	3.68	1	LLP	GGGIAG|GGGCT|GGGA
2KZD	3_plus_1	0.06	0.02	24.37	3.12	1	LLP	GGGIAG|GGGCT|GGGA
2KZD	3_plus_1	0.11	0.04	24.60	3.64	1	LLP	GGGIAG|GGGCT|GGGA
2KZD	3_plus_1	0.10	0.01	24.11	3.63	1	LLP	GGGIAG|GGGCT|GGGA
2KZD	3_plus_1	0.10	0.02	24.34	3.48	1	LLP	GGGIAG|GGGCT|GGGA
2KZD	3_plus_1	0.14	0.04	25.10	3.27	1	LLP	GGGIAG|GGGCT|GGGA
2KZD	3_plus_1	0.09	0.02	24.35	3.64	1	LLP	GGGIAG|GGGCT|GGGA
2KZD	3_plus_1	0.11	0.01	24.29	3.35	1	LLP	GGGIAG|GGGCT|GGGA
2E4I	3_plus_1	0.58	0.42	18.78	4.90	1	PLL	GGGTTA|GGGTTA|GGGTTA
186D	3_plus_1	0.26	0.15	23.62	3.77	1	LLP	GGGGTTG|GGGTTG|GGGTT
186D	3_plus_1	0.35	0.24	20.17	5.89	1	LLP	GGGGTTG|GGGTTG|GGGTT
186D	3_plus_1	0.31	0.21	21.40	1.95	1	LLP	GGGGTTG|GGGTTG|GGGTT
186D	3_plus_1	0.34	0.20	21.61	2.98	1	LLP	GGGGTTG|GGGTTG|GGGTT
186D	3_plus_1	0.34	0.26	21.36	1.52	1	LLP	GGGGTTG|GGGTTG|GGGTT
186D	3_plus_1	0.22	0.09	22.42	2.35	1	LLP	GGGGTTG|GGGTTG|GGGTT
186D	3_plus_1	0.43	0.28	20.68	2.06	1	LLP	GGGGTTG|GGGTTG|GGGTT
2JSK	3_plus_1	0.14	0.10	22.87	3.81	1	PLL	GGGTTA|GGGTTA|GGGTTA
2JSK	3_plus_1	0.15	0.12	22.54	3.98	1	PLL	GGGTTA|GGGTTA|GGGTTA
2JSK	3_plus_1	0.16	0.07	22.30	3.93	1	PLL	GGGTTA|GGGTTA|GGGTTA
2JSK	3_plus_1	0.14	0.09	22.78	3.94	1	PLL	GGGTTA|GGGTTA|GGGTTA
2JSK	3_plus_1	0.14	0.09	22.76	3.98	1	PLL	GGGTTA|GGGTTA|GGGTTA
2JSK	3_plus_1	0.14	0.08	22.80	4.10	1	PLL	GGGTTA|GGGTTA|GGGTTA
2JSK	3_plus_1	0.14	0.09	22.82	3.94	1	PLL	GGGTTA|GGGTTA|GGGTTA
2JSK	3_plus_1	0.13	0.07	23.54	2.99	1	PLL	GGGTTA|GGGTTA|GGGTTA
2JSK	3_plus_1	0.14	0.10	22.88	3.74	1	PLL	GGGTTA|GGGTTA|GGGTTA
2JSK	3_plus_1	0.14	0.10	22.92	3.73	1	PLL	GGGTTA|GGGTTA|GGGTTA
2JPZ	3_plus_1	0.09	0.04	21.93	0.36	1	LLP	GGGTTA|GGGTTA|GGGTTA
2JPZ	3_plus_1	0.13	0.03	20.35	0.62	1	LLP	GGGTTA|GGGTTA|GGGTTA
2JPZ	3_plus_1	0.13	0.08	21.47	0.67	1	LLP	GGGTTA|GGGTTA|GGGTTA
2JPZ	3_plus_1	0.12	0.05	21.08	0.11	1	LLP	GGGTTA|GGGTTA|GGGTTA
2JPZ	3_plus_1	0.20	0.15	21.11	0.46	1	LLP	GGGTTA|GGGTTA|GGGTTA
2JPZ	3_plus_1	0.16	0.05	20.46	0.41	1	LLP	GGGTTA|GGGTTA|GGGTTA
2JPZ	3_plus_1	0.13	0.06	22.26	1.80	1	LLP	GGGTTA|GGGTTA|GGGTTA
2JPZ	3_plus_1	0.20	0.09	21.60	0.21	1	LLP	GGGTTA|GGGTTA|GGGTTA
2JPZ	3_plus_1	0.13	0.04	21.38	0.94	1	LLP	GGGTTA|GGGTTA|GGGTTA
2JPZ	3_plus_1	0.09	0.03	20.41	1.53	1	LLP	GGGTTA|GGGTTA|GGGTTA
2JSM	3_plus_1	0.11	0.05	22.71	4.24	1	PLL	GGGTTA|GGGTTA|GGGTTA
2JSM	3_plus_1	0.10	0.05	23.32	3.45	1	PLL	GGGTTA|GGGTTA|GGGTTA
2JSM	3_plus_1	0.11	0.04	22.93	4.10	1	PLL	GGGTTA|GGGTTA|GGGTTA
2JSM	3_plus_1	0.07	0.03	22.52	3.44	1	PLL	GGGTTA|GGGTTA|GGGTTA
2JSM	3_plus_1	0.10	0.06	22.40	3.40	1	PLL	GGGTTA|GGGTTA|GGGTTA
2JSM	3_plus_1	0.10	0.05	23.50	3.37	1	PLL	GGGTTA|GGGTTA|GGGTTA
2JSM	3_plus_1	0.11	0.04	22.72	4.23	1	PLL	GGGTTA|GGGTTA|GGGTTA
2JSM	3_plus_1	0.10	0.04	22.95	4.10	1	PLL	GGGTTA|GGGTTA|GGGTTA
2JSM	3_plus_1	0.12	0.04	23.06	3.96	1	PLL	GGGTTA|GGGTTA|GGGTTA
2JSM	3_plus_1	0.10	0.04	23.00	4.14	1	PLL	GGGTTA|GGGTTA|GGGTTA
2KPR	3_plus_1	0.17	0.11	24.43	5.90	1	LLP	GGGT|GGGGAA|GGGGT
2KPR	3_plus_1	0.20	0.11	24.36	6.10	1	LLP	GGGT|GGGGAA|GGGGT
2KPR	3_plus_1	0.18	0.12	24.53	6.03	1	LLP	GGGT|GGGGAA|GGGGT
2KPR	3_plus_1	0.18	0.05	24.75	5.14	1	LLP	GGGT|GGGGAA|GGGGT
2KPR	3_plus_1	0.20	0.11	24.12	6.02	1	LLP	GGGT|GGGGAA|GGGGT
2KPR	3_plus_1	0.16	0.05	25.15	5.17	1	LLP	GGGT|GGGGAA|GGGGT
2KPR	3_plus_1	0.21	0.10	24.09	6.29	1	LLP	GGGT|GGGGAA|GGGGT
2KPR	3_plus_1	0.21	0.09	24.24	6.20	1	LLP	GGGT|GGGGAA|GGGGT
2KPR	3_plus_1	0.16	0.06	24.88	5.09	1	LLP	GGGT|GGGGAA|GGGGT
2KPR	3_plus_1	0.20	0.14	23.83	6.48	1	LLP	GGGT|GGGGAA|GGGGT
2KPR	3_plus_1	0.22	0.10	23.84	6.41	1	LLP	GGGT|GGGGAA|GGGGT
2KPR	3_plus_1	0.20	0.16	24.09	6.26	1	LLP	GGGT|GGGGAA|GGGGT
2KPR	3_plus_1	0.21	0.05	24.45	5.84	1	LLP	GGGT|GGGGAA|GGGGT
2KPR	3_plus_1	0.16	0.07	24.50	5.51	1	LLP	GGGT|GGGGAA|GGGGT
2KPR	3_plus_1	0.18	0.06	25.01	5.03	1	LLP	GGGT|GGGGAA|GGGGT
2KPR	3_plus_1	0.20	0.12	24.29	6.10	1	LLP	GGGT|GGGGAA|GGGGT
2KPR	3_plus_1	0.19	0.09	24.29	6.24	1	LLP	GGGT|GGGGAA|GGGGT
2GKU	3_plus_1	0.33	0.22	21.15	4.18	1	PLL	GGGTTA|GGGTTA|GGGTTA
2GKU	3_plus_1	0.24	0.09	22.09	5.66	1	PLL	GGGTTA|GGGTTA|GGGTTA
2GKU	3_plus_1	0.26	0.11	22.12	5.71	1	PLL	GGGTTA|GGGTTA|GGGTTA
2GKU	3_plus_1	0.18	0.06	22.27	6.04	1	PLL	GGGTTA|GGGTTA|GGGTTA
2GKU	3_plus_1	0.17	0.03	22.87	5.23	1	PLL	GGGTTA|GGGTTA|GGGTTA
2GKU	3_plus_1	0.28	0.14	21.39	5.53	1	PLL	GGGTTA|GGGTTA|GGGTTA
2GKU	3_plus_1	0.21	0.11	22.74	5.74	1	PLL	GGGTTA|GGGTTA|GGGTTA
2GKU	3_plus_1	0.18	0.07	22.87	5.44	1	PLL	GGGTTA|GGGTTA|GGGTTA
2GKU	3_plus_1	0.21	0.10	21.88	5.86	1	PLL	GGGTTA|GGGTTA|GGGTTA
2GKU	3_plus_1	0.15	0.05	22.52	5.94	1	PLL	GGGTTA|GGGTTA|GGGTTA
2GKU	3_plus_1	0.22	0.13	20.38	7.20	1	PLL	GGGTTA|GGGTTA|GGGTTA
2GKU	3_plus_1	0.20	0.07	22.06	5.25	1	PLL	GGGTTA|GGGTTA|GGGTTA
2F8U	3_plus_1	0.23	0.14	23.07	2.87	1	LLP	GGGCGC|GGGAGGAATT|GGGC
2F8U	3_plus_1	0.35	0.24	22.88	2.27	1	LLP	GGGCGC|GGGAGGAATT|GGGC
2F8U	3_plus_1	0.35	0.18	21.85	3.53	1	LLP	GGGCGC|GGGAGGAATT|GGGC
2F8U	3_plus_1	0.52	0.29	22.23	1.26	1	LLP	GGGCGC|GGGAGGAATT|GGGC
2F8U	3_plus_1	0.36	0.28	23.12	2.14	1	LLP	GGGCGC|GGGAGGAATT|GGGC
2F8U	3_plus_1	0.24	0.14	22.95	3.91	1	LLP	GGGCGC|GGGAGGAATT|GGGC
2F8U	3_plus_1	0.31	0.16	20.99	3.77	1	LLP	GGGCGC|GGGAGGAATT|GGGC
2F8U	3_plus_1	0.38	0.25	22.83	3.64	1	LLP	GGGCGC|GGGAGGAATT|GGGC
2F8U	3_plus_1	0.28	0.17	22.31	3.15	1	LLP	GGGCGC|GGGAGGAATT|GGGC
2F8U	3_plus_1	0.37	0.26	23.51	2.28	1	LLP	GGGCGC|GGGAGGAATT|GGGC
2JSQ	3_plus_1	0.13	0.03	25.07	3.32	1	LLP	GGGTTA|GGGTTA|GGGTTA
2JSQ	3_plus_1	0.21	0.08	24.59	2.94	1	LLP	GGGTTA|GGGTTA|GGGTTA
2JSQ	3_plus_1	0.20	0.08	24.98	2.61	1	LLP	GGGTTA|GGGTTA|GGGTTA
2JSQ	3_plus_1	0.20	0.07	24.63	2.97	1	LLP	GGGTTA|GGGTTA|GGGTTA
2JSQ	3_plus_1	0.20	0.09	24.60	2.99	1	LLP	GGGTTA|GGGTTA|GGGTTA
2JSQ	3_plus_1	0.24	0.09	24.21	3.46	1	LLP	GGGTTA|GGGTTA|GGGTTA
2JSQ	3_plus_1	0.19	0.08	24.24	3.40	1	LLP	GGGTTA|GGGTTA|GGGTTA
2JSQ	3_plus_1	0.19	0.03	24.36	3.20	1	LLP	GGGTTA|GGGTTA|GGGTTA
2JSQ	3_plus_1	0.24	0.08	23.82	3.54	1	LLP	GGGTTA|GGGTTA|GGGTTA
2JSQ	3_plus_1	0.20	0.09	24.57	3.52	1	LLP	GGGTTA|GGGTTA|GGGTTA
143D	basket	0.72	0.19	11.37	0.00	1	LDL	GGGTTA|GGGTTA|GGGTTA
143D	basket	0.67	0.36	11.20	0.00	1	LDL	GGGTTA|GGGTTA|GGGTTA
143D	basket	0.54	0.33	14.24	0.00	1	LDL	GGGTTA|GGGTTA|GGGTTA
143D	basket	0.68	0.33	12.41	0.00	1	LDL	GGGTTA|GGGTTA|GGGTTA
143D	basket	0.65	0.16	10.13	0.00	1	LDL	GGGTTA|GGGTTA|GGGTTA
143D	basket	0.56	0.11	22.14	8.70	1	LDL	GGGTTA|GGGTTA|GGGTTA
2KF8	basket	0.21	0.04	19.00	0.00	1	LDL	GGGTTA|GGGTTAG|GGTTA
2KF8	basket	0.14	0.06	20.63	0.00	1	LDL	GGGTTA|GGGTTAG|GGTTA
2KF8	basket	0.17	0.08	19.40	0.00	1	LDL	GGGTTA|GGGTTAG|GGTTA
2KF8	basket	0.08	0.02	20.69	0.00	1	LDL	GGGTTA|GGGTTAG|GGTTA
2KF8	basket	0.38	0.08	16.04	0.00	1	LDL	GGGTTA|GGGTTAG|GGTTA
2KF8	basket	0.34	0.22	18.06	0.00	1	LDL	GGGTTA|GGGTTAG|GGTTA
2KF8	basket	0.13	0.07	20.02	0.00	1	LDL	GGGTTA|GGGTTAG|GGTTA
2KF8	basket	0.32	0.03	14.10	0.00	1	LDL	GGGTTA|GGGTTAG|GGTTA
230D	basket	0.04	0.02	25.42	6.68	1	LDL	GGGTT|GGGGTTTTG|GGGTT
230D	basket	0.12	0.04	25.06	6.77	1	LDL	GGGTT|GGGGTTTTG|GGGTT
230D	basket	0.12	0.07	25.24	6.99	1	LDL	GGGTT|GGGGTTTTG|GGGTT
230D	basket	0.11	0.06	23.02	7.75	1	LDL	GGGTT|GGGGTTTTG|GGGTT
230D	basket	0.14	0.06	22.61	6.17	1	LDL	GGGTT|GGGGTTTTG|GGGTT
230D	basket	0.07	0.04	23.88	6.03	1	LDL	GGGTT|GGGGTTTTG|GGGTT
230D	basket	0.05	0.02	25.40	6.07	1	LDL	GGGTT|GGGGTTTTG|GGGTT
2KOW	basket	0.37	0.06	19.20	0.00	1	LDL	GGGTA|GGGTAG|GGTAI
2KOW	basket	0.19	0.09	18.89	0.00	1	LDL	GGGTA|GGGTAG|GGTAI
2KOW	basket	0.24	0.07	15.50	0.00	1	LDL	GGGTA|GGGTAG|GGTAI
2KOW	basket	0.24	0.09	19.50	0.00	1	LDL	GGGTA|GGGTAG|GGTAI
2KOW	basket	0.35	0.03	17.59	0.00	1	LDL	GGGTA|GGGTAG|GGTAI
2KOW	basket	0.21	0.05	16.71	0.00	1	LDL	GGGTA|GGGTAG|GGTAI
2KOW	basket	0.35	0.03	18.16	0.00	1	LDL	GGGTA|GGGTAG|GGTAI
2KOW	basket	0.32	0.10	17.79	0.00	1	LDL	GGGTA|GGGTAG|GGTAI
2KOW	basket	0.32	0.10	15.62	0.00	1	LDL	GGGTA|GGGTAG|GGTAI
2KOW	basket	0.12	0.04	17.21	0.00	1	LDL	GGGTA|GGGTAG|GGTAI
2KKA	basket	0.16	0.02	14.38	0.00	1	LDL	GGGTTA|GGGTTAI|GGTTA
2KKA	basket	0.19	0.01	11.70	0.00	1	LDL	GGGTTA|GGGTTAI|GGTTA
2KKA	basket	0.20	0.10	13.54	0.00	1	LDL	GGGTTA|GGGTTAI|GGTTA
2KKA	basket	0.18	0.02	11.43	0.00	1	LDL	GGGTTA|GGGTTAI|GGTTA
2KKA	basket	0.16	0.03	12.83	0.00	1	LDL	GGGTTA|GGGTTAI|GGTTA
2KKA	basket	0.15	0.04	11.12	0.00	1	LDL	GGGTTA|GGGTTAI|GGTTA
2KKA	basket	0.14	0.05	13.74	0.00	1	LDL	GGGTTA|GGGTTAI|GGTTA
2KKA	basket	0.14	0.06	15.04	0.00	1	LDL	GGGTTA|GGGTTAI|GGTTA
2MCO	basket	0.57	0.22	22.80	4.08	1	LDL	GGGTTA|GGGTTA|GGGTTA
2MCO	basket	0.45	0.21	22.98	2.28	1	LDL	GGGTTA|GGGTTA|GGGTTA
2MCO	basket	0.53	0.20	22.17	2.16	1	LDL	GGGTTA|GGGTTA|GGGTTA
2MCO	basket	0.64	0.33	21.60	5.75	1	LDL	GGGTTA|GGGTTA|GGGTTA
2MCO	basket	0.57	0.27	21.46	3.90	1	LDL	GGGTTA|GGGTTA|GGGTTA
2MCC	basket	0.36	0.19	13.87	7.89	1	LDL	GGGTTA|GGGTTA|GGGTTA
2MCC	basket	0.43	0.10	13.44	6.46	1	LDL	GGGTTA|GGGTTA|GGGTTA
2MCC	basket	0.31	0.05	13.46	6.42	1	LDL	GGGTTA|GGGTTA|GGGTTA
2MCC	basket	0.34	0.04	14.62	5.48	1	LDL	GGGTTA|GGGTTA|GGGTTA
2MCC	basket	0.31	0.08	13.24	6.67	1	LDL	GGGTTA|GGGTTA|GGGTTA
201D	basket	0.29	0.26	18.45	0.80	1	LDL	GGGGTTTT|GGGGTTTT|GGGGTTTT
201D	basket	0.26	0.19	17.96	2.82	1	LDL	GGGGTTTT|GGGGTTTT|GGGGTTTT
201D	basket	0.21	0.14	17.46	1.65	1	LDL	GGGGTTTT|GGGGTTTT|GGGGTTTT
201D	basket	0.27	0.21	16.21	0.36	1	LDL	GGGGTTTT|GGGGTTTT|GGGGTTTT
201D	basket	0.35	0.20	17.10	1.75	1	LDL	GGGGTTTT|GGGGTTTT|GGGGTTTT
201D	basket	0.36	0.29	21.44	7.99	1	LDL	GGGGTTTT|GGGGTTTT|GGGGTTTT
2KF7	basket	0.27	0.11	20.05	0.00	1	LDL	GGGTTA|GGGTTAG|GGTTA
2KF7	basket	0.16	0.03	17.68	0.00	1	LDL	GGGTTA|GGGTTAG|GGTTA
2KF7	basket	0.42	0.10	16.67	0.00	1	LDL	GGGTTA|GGGTTAG|GGTTA
2KF7	basket	0.29	0.09	15.43	0.00	1	LDL	GGGTTA|GGGTTAG|GGTTA
2KF7	basket	0.31	0.11	15.41	0.00	1	LDL	GGGTTA|GGGTTAG|GGTTA
2KF7	basket	0.41	0.00	16.89	0.00	1	LDL	GGGTTA|GGGTTAG|GGTTA
2KF7	basket	0.22	0.09	18.09	0.00	1	LDL	GGGTTA|GGGTTAG|GGTTA
2KF7	basket	0.10	0.04	19.44	0.00	1	LDL	GGGTTA|GGGTTAG|GGTTA
2KF7	basket	0.17	0.15	18.70	0.00	1	LDL	GGGTTA|GGGTTAG|GGTTA
2KF7	basket	0.31	0.04	13.96	0.00	1	LDL	GGGTTA|GGGTTAG|GGTTA
3EUM	bi_diagonal_loop	0.39	0.16	22.80	7.87	2	D	GGGGTTTT
1U64	bi_diagonal_loop	0.25	0.14	25.49	0.57	2	D	GGGTTTT
1U64	bi_diagonal_loop	0.23	0.13	26.14	0.18	2	D	GGGTTTT
1U64	bi_diagonal_loop	0.23	0.13	26.05	0.00	2	D	GGGTTTT
1U64	bi_diagonal_loop	0.24	0.14	25.49	0.78	2	D	GGGTTTT
1U64	bi_diagonal_loop	0.24	0.16	25.43	0.34	2	D	GGGTTTT
1U64	bi_diagonal_loop	0.24	0.14	25.96	0.04	2	D	GGGTTTT
1U64	bi_diagonal_loop	0.24	0.13	25.34	0.13	2	D	GGGTTTT
1U64	bi_diagonal_loop	0.25	0.10	26.30	0.00	2	D	GGGTTTT
1FQP	bi_diagonal_loop	0.54	0.36	18.50	1.28	2	D	GGGTTTT
1FQP	bi_diagonal_loop	0.40	0.26	18.13	1.41	2	D	GGGTTTT
1FQP	bi_diagonal_loop	0.46	0.28	19.50	1.92	2	D	GGGTTTT
1FQP	bi_diagonal_loop	0.45	0.27	18.51	0.80	2	D	GGGTTTT
1FQP	bi_diagonal_loop	0.43	0.27	19.10	1.21	2	D	GGGTTTT
3EQW	bi_diagonal_loop	0.36	0.16	22.76	7.84	2	D	GGGGTTTT
1JPQ	bi_diagonal_loop	0.36	0.16	22.51	7.33	2	D	GGGGTTT
3ET8	bi_diagonal_loop	0.35	0.18	22.41	7.77	2	D	GGGGTTTT
3ERU	bi_diagonal_loop	0.35	0.18	22.83	7.65	2	D	GGGGTTTT
3ES0	bi_diagonal_loop	0.38	0.20	22.80	7.55	2	D	GGGGTTTT
156D	bi_diagonal_loop	0.28	0.06	23.79	7.02	2	D	GGGGTTTT
156D	bi_diagonal_loop	0.66	0.05	22.90	6.38	2	D	GGGGTTTT
156D	bi_diagonal_loop	0.41	0.15	22.91	6.76	2	D	GGGGTTTT
156D	bi_diagonal_loop	0.29	0.10	33.74	21.77	2	D	GGGGTTTT
156D	bi_diagonal_loop	0.69	0.19	22.38	6.89	2	D	GGGGTTTT
156D	bi_diagonal_loop	0.22	0.08	33.81	20.85	2	D	GGGGTTTT
156D	bi_diagonal_loop	0.62	0.03	23.29	5.54	2	D	GGGGTTTT
156D	bi_diagonal_loop	0.42	0.08	23.53	5.37	2	D	GGGGTTTT
2HBN	bi_diagonal_loop	0.24	0.07	22.42	7.90	4	D	GGGGTTTT
1JRN	bi_diagonal_loop	0.32	0.17	22.54	7.58	4	D	GGGGTTTT
1L1H	bi_diagonal_loop	0.37	0.17	22.82	7.56	2	D	GGGGTTTT
3EUI	bi_diagonal_loop	0.33	0.17	23.28	7.07	4	D	GGGGTTTT
1QDI	bi_diagonal_loop	0.76	0.25	16.96	4.24	2	D	GGGGTTTT
1K4X	bi_diagonal_loop	0.39	0.25	22.75	6.04	2	D	GGGGTTTT
1K4X	bi_diagonal_loop	0.58	0.14	24.07	6.61	2	D	GGGGTTTT
1K4X	bi_diagonal_loop	0.74	0.13	23.80	5.15	2	D	GGGGTTTT
1K4X	bi_diagonal_loop	0.39	0.06	25.27	5.57	2	D	GGGGTTTT
1K4X	bi_diagonal_loop	0.40	0.15	24.80	5.35	2	D	GGGGTTTT
1K4X	bi_diagonal_loop	0.32	0.07	26.41	5.02	2	D	GGGGTTTT
2AKG	bi_diagonal_loop	0.14	0.05	22.33	7.62	2	D	GGGGTTTT
2AKG	bi_diagonal_loop	0.16	0.04	21.63	8.61	2	D	GGGGTTTT
2AKG	bi_diagonal_loop	0.12	0.03	21.53	8.12	2	D	GGGGTTTT
2AKG	bi_diagonal_loop	0.17	0.06	21.69	8.53	2	D	GGGGTTTT
2AKG	bi_diagonal_loop	0.14	0.08	21.70	8.17	2	D	GGGGTTTT
2AKG	bi_diagonal_loop	0.15	0.01	21.19	9.01	2	D	GGGGTTTT
2AKG	bi_diagonal_loop	0.18	0.05	21.65	8.46	2	D	GGGGTTTT
2AKG	bi_diagonal_loop	0.10	0.03	21.89	8.66	2	D	GGGGTTTT
2AKG	bi_diagonal_loop	0.17	0.01	21.40	9.19	2	D	GGGGTTTT
2AKG	bi_diagonal_loop	0.12	0.03	22.44	7.11	2	D	GGGGTTTT
3EM2	bi_diagonal_loop	0.33	0.16	22.71	7.65	2	D	GGGGTTTT
1QDK	bi_diagonal_loop	0.74	0.26	16.36	4.34	2	D	GGGGTTTT
2KAZ	bi_diagonal_loop	0.29	0.16	22.21	3.22	2	D	GGGACGTAGT
2KAZ	bi_diagonal_loop	0.31	0.21	22.61	3.51	2	D	GGGACGTAGT
2KAZ	bi_diagonal_loop	0.37	0.21	22.87	4.53	2	D	GGGACGTAGT
2KAZ	bi_diagonal_loop	0.45	0.24	23.55	2.12	2	D	GGGACGTAGT
2KAZ	bi_diagonal_loop	0.38	0.13	22.91	2.09	2	D	GGGACGTAGT
1LVS	bi_diagonal_loop	0.29	0.13	25.62	7.95	2	D	GGGGTTTT
1LVS	bi_diagonal_loop	0.37	0.06	24.74	6.97	2	D	GGGGTTTT
1LVS	bi_diagonal_loop	0.29	0.02	25.27	6.98	2	D	GGGGTTTT
1LVS	bi_diagonal_loop	0.35	0.17	24.85	8.06	2	D	GGGGTTTT
1LVS	bi_diagonal_loop	0.34	0.13	24.61	7.85	2	D	GGGGTTTT
1LVS	bi_diagonal_loop	0.32	0.13	25.80	8.80	2	D	GGGGTTTT
1LVS	bi_diagonal_loop	0.31	0.12	25.78	7.82	2	D	GGGGTTTT
1LVS	bi_diagonal_loop	0.26	0.11	24.98	8.36	2	D	GGGGTTTT
1LVS	bi_diagonal_loop	0.26	0.10	25.08	7.67	2	D	GGGGTTTT
1LVS	bi_diagonal_loop	0.33	0.15	24.78	8.75	2	D	GGGGTTTT
1F3S	bi_lateral_loop	0.13	0.01	18.04	0.00	2	L	GGGTTCA
1F3S	bi_lateral_loop	0.20	0.00	19.09	0.00	2	L	GGGTTCA
1F3S	bi_lateral_loop	0.20	0.00	18.80	0.00	2	L	GGGTTCA
1F3S	bi_lateral_loop	0.21	0.00	19.41	0.00	2	L	GGGTTCA
1F3S	bi_lateral_loop	0.18	0.00	18.24	0.00	2	L	GGGTTCA
1F3S	bi_lateral_loop	0.12	0.00	18.82	0.00	2	L	GGGTTCA
1F3S	bi_lateral_loop	0.13	0.00	19.24	0.00	2	L	GGGTTCA
1F3S	bi_lateral_loop	0.16	0.00	18.24	0.00	2	L	GGGTTCA
1F3S	bi_lateral_loop	0.13	0.00	18.07	0.00	2	L	GGGTTCA
1F3S	bi_lateral_loop	0.19	0.00	19.46	0.00	2	L	GGGTTCA
1A8W	bi_lateral_loop	0.20	0.00	22.63	0.00	2	L	GGCTTTTG
1A8W	bi_lateral_loop	0.28	0.00	21.84	0.00	2	L	GGCTTTTG
1A8W	bi_lateral_loop	0.23	0.00	22.19	0.00	2	L	GGCTTTTG
1A8W	bi_lateral_loop	0.35	0.00	19.87	0.00	2	L	GGCTTTTG
1A8W	bi_lateral_loop	0.32	0.00	17.51	0.00	2	L	GGCTTTTG
1A8W	bi_lateral_loop	0.11	0.00	21.14	0.00	2	L	GGCTTTTG
1A8W	bi_lateral_loop	0.34	0.00	14.80	0.00	2	L	GGCTTTTG
1A8W	bi_lateral_loop	0.42	0.00	16.78	0.00	2	L	GGCTTTTG
1A8N	bi_lateral_loop	0.16	0.00	23.37	0.00	2	L	GGCTTTTG
1A8N	bi_lateral_loop	0.19	0.00	21.68	0.00	2	L	GGCTTTTG
1A8N	bi_lateral_loop	0.14	0.00	23.17	0.00	2	L	GGCTTTTG
1A8N	bi_lateral_loop	0.26	0.00	22.66	0.00	2	L	GGCTTTTG
1A8N	bi_lateral_loop	0.13	0.00	22.91	0.00	2	L	GGCTTTTG
1A8N	bi_lateral_loop	0.24	0.00	23.34	0.00	2	L	GGCTTTTG
1A8N	bi_lateral_loop	0.16	0.00	23.83	0.00	2	L	GGCTTTTG
1A8N	bi_lateral_loop	0.15	0.00	23.84	0.00	2	L	GGCTTTTG
2KYO	bi_propeller	0.22	0.12	26.60	1.59	2	PPP	GGGC|GGGCGCGA|GGGA
2KYO	bi_propeller	0.35	0.18	26.29	1.54	2	PPP	GGGC|GGGCGCGA|GGGA
2KYO	bi_propeller	0.21	0.11	26.48	1.83	2	PPP	GGGC|GGGCGCGA|GGGA
2KYO	bi_propeller	0.24	0.14	26.76	1.76	2	PPP	GGGC|GGGCGCGA|GGGA
2KYO	bi_propeller	0.22	0.13	26.13	1.26	2	PPP	GGGC|GGGCGCGA|GGGA
2KYO	bi_propeller	0.26	0.13	26.80	1.85	2	PPP	GGGC|GGGCGCGA|GGGA
2KYO	bi_propeller	0.26	0.14	26.54	1.61	2	PPP	GGGC|GGGCGCGA|GGGA
2KYO	bi_propeller	0.22	0.13	26.51	2.04	2	PPP	GGGC|GGGCGCGA|GGGA
2KYO	bi_propeller	0.20	0.12	26.26	1.85	2	PPP	GGGC|GGGCGCGA|GGGA
2KYO	bi_propeller	0.25	0.14	26.35	1.87	2	PPP	GGGC|GGGCGCGA|GGGA
1K8P	bi_propeller	0.42	0.35	27.89	2.12	2	P	GGGTA
3CE5	bi_propeller	0.40	0.18	26.03	0.14	2	P	GGGTTA
1XCE	bi_propeller	0.40	0.33	19.66	0.85	4	P	GGTT
1EEG	bi_propeller	0.40	0.11	21.68	6.97	4	P	GGA
1EEG	bi_propeller	0.36	0.18	21.03	9.17	4	P	GGA
1EEG	bi_propeller	0.45	0.14	21.51	9.39	4	P	GGA
1EEG	bi_propeller	0.29	0.14	21.64	8.42	4	P	GGA
1EEG	bi_propeller	0.27	0.12	21.36	6.96	4	P	GGA
1EEG	bi_propeller	0.29	0.04	21.18	5.85	4	P	GGA
1EEG	bi_propeller	0.52	0.12	22.05	8.06	4	P	GGA
1EEG	bi_propeller	0.32	0.10	21.12	9.77	4	P	GGA
1EEG	bi_propeller	0.33	0.11	21.72	7.58	4	P	GGA
1EEG	bi_propeller	0.36	0.17	20.87	10.03	4	P	GGA
1NYD	bi_propeller	0.23	0.12	25.42	0.01	4	P	GGT
2HRI	bi_propeller	0.08	0.03	25.21	1.33	2	P	GGGTTA
2IDN	chair_type	0.38	0.25	24.15	0.00	1	LLL	GGTT|GGTGT|GGTT
2IDN	chair_type	0.31	0.23	25.02	0.00	1	LLL	GGTT|GGTGT|GGTT
2IDN	chair_type	0.36	0.26	25.11	0.00	1	LLL	GGTT|GGTGT|GGTT
2IDN	chair_type	0.33	0.25	23.96	0.00	1	LLL	GGTT|GGTGT|GGTT
2IDN	chair_type	0.42	0.32	23.76	0.00	1	LLL	GGTT|GGTGT|GGTT
2IDN	chair_type	0.39	0.26	24.02	0.00	1	LLL	GGTT|GGTGT|GGTT
2IDN	chair_type	0.42	0.26	23.84	0.00	1	LLL	GGTT|GGTGT|GGTT
1C35	chair_type	0.57	0.26	4.99	0.00	1	LLL	GGTT|GGTGT|GGTT
2KM3	chair_type	0.20	0.10	20.84	0.00	1	LLL	GGCTAG|GGCTAG|GGCTAG
2KM3	chair_type	0.16	0.02	20.74	0.00	1	LLL	GGCTAG|GGCTAG|GGCTAG
2KM3	chair_type	0.14	0.03	20.77	0.00	1	LLL	GGCTAG|GGCTAG|GGCTAG
2KM3	chair_type	0.14	0.08	20.93	0.00	1	LLL	GGCTAG|GGCTAG|GGCTAG
2KM3	chair_type	0.07	0.00	20.58	0.00	1	LLL	GGCTAG|GGCTAG|GGCTAG
2KM3	chair_type	0.16	0.06	20.27	0.00	1	LLL	GGCTAG|GGCTAG|GGCTAG
2KM3	chair_type	0.21	0.13	20.65	0.00	1	LLL	GGCTAG|GGCTAG|GGCTAG
2KM3	chair_type	0.28	0.20	17.90	0.00	1	LLL	GGCTAG|GGCTAG|GGCTAG
2KM3	chair_type	0.26	0.10	19.83	0.00	1	LLL	GGCTAG|GGCTAG|GGCTAG
2KM3	chair_type	0.07	0.02	21.69	0.00	1	LLL	GGCTAG|GGCTAG|GGCTAG
1C32	chair_type	0.58	0.26	5.00	0.00	1	LLL	GGTT|GGTGT|GGTT
1C32	chair_type	0.58	0.24	5.00	0.00	1	LLL	GGTT|GGTGT|GGTT
1C32	chair_type	0.57	0.26	4.99	0.00	1	LLL	GGTT|GGTGT|GGTT
1C32	chair_type	0.57	0.25	5.12	0.00	1	LLL	GGTT|GGTGT|GGTT
1C32	chair_type	0.61	0.29	4.96	0.00	1	LLL	GGTT|GGTGT|GGTT
1C32	chair_type	0.59	0.24	5.05	0.00	1	LLL	GGTT|GGTGT|GGTT
1C32	chair_type	0.58	0.26	5.00	0.00	1	LLL	GGTT|GGTGT|GGTT
1C32	chair_type	0.58	0.22	5.04	0.00	1	LLL	GGTT|GGTGT|GGTT
1C32	chair_type	0.58	0.27	5.20	0.00	1	LLL	GGTT|GGTGT|GGTT
1C32	chair_type	0.59	0.25	4.91	0.00	1	LLL	GGTT|GGTGT|GGTT
1C38	chair_type	0.16	0.04	13.26	0.00	1	LLL	GGTT|GGTGT|GGTT
1C34	chair_type	0.19	0.02	14.15	0.00	1	LLL	GGTT|GGTGT|GGTT
1C34	chair_type	0.18	0.07	14.23	0.00	1	LLL	GGTT|GGTGT|GGTT
1C34	chair_type	0.20	0.08	14.24	0.00	1	LLL	GGTT|GGTGT|GGTT
1C34	chair_type	0.15	0.05	14.03	0.00	1	LLL	GGTT|GGTGT|GGTT
1C34	chair_type	0.20	0.04	13.84	0.00	1	LLL	GGTT|GGTGT|GGTT
1C34	chair_type	0.16	0.03	14.42	0.00	1	LLL	GGTT|GGTGT|GGTT
1C34	chair_type	0.13	0.00	14.66	0.00	1	LLL	GGTT|GGTGT|GGTT
1C34	chair_type	0.18	0.01	14.25	0.00	1	LLL	GGTT|GGTGT|GGTT
1C34	chair_type	0.17	0.01	14.31	0.00	1	LLL	GGTT|GGTGT|GGTT
1C34	chair_type	0.15	0.02	13.95	0.00	1	LLL	GGTT|GGTGT|GGTT
1C34	chair_type	0.14	0.05	14.04	0.00	1	LLL	GGTT|GGTGT|GGTT
1QDH	chair_type	0.61	0.28	18.85	0.00	1	LLL	GGTT|GGTGT|GGTT
1QDF	chair_type	0.61	0.28	18.85	0.00	1	LLL	GGTT|GGTGT|GGTT
148D	chair_type	0.25	0.03	20.05	0.00	1	LLL	GGTT|GGTGT|GGTT
148D	chair_type	0.26	0.07	15.53	0.00	1	LLL	GGTT|GGTGT|GGTT
148D	chair_type	0.27	0.07	19.30	0.00	1	LLL	GGTT|GGTGT|GGTT
148D	chair_type	0.34	0.06	14.92	0.00	1	LLL	GGTT|GGTGT|GGTT
148D	chair_type	0.31	0.18	20.05	0.00	1	LLL	GGTT|GGTGT|GGTT
148D	chair_type	0.36	0.11	19.47	0.00	1	LLL	GGTT|GGTGT|GGTT
148D	chair_type	0.45	0.17	15.75	0.00	1	LLL	GGTT|GGTGT|GGTT
148D	chair_type	0.38	0.04	17.89	0.00	1	LLL	GGTT|GGTGT|GGTT
148D	chair_type	0.30	0.10	16.66	0.00	1	LLL	GGTT|GGTGT|GGTT
148D	chair_type	0.41	0.18	19.33	0.00	1	LLL	GGTT|GGTGT|GGTT
148D	chair_type	0.44	0.10	16.57	0.00	1	LLL	GGTT|GGTGT|GGTT
148D	chair_type	0.37	0.07	17.76	0.00	1	LLL	GGTT|GGTGT|GGTT
2LYG	chair_type	0.36	0.26	17.52	0.00	1	LLL	GGTT|GGTGT|GGTT
2LYG	chair_type	0.46	0.39	15.85	0.00	1	LLL	GGTT|GGTGT|GGTT
2LYG	chair_type	0.39	0.33	16.49	0.00	1	LLL	GGTT|GGTGT|GGTT
2LYG	chair_type	0.38	0.31	17.10	0.00	1	LLL	GGTT|GGTGT|GGTT
2LYG	chair_type	0.41	0.37	16.82	0.00	1	LLL	GGTT|GGTGT|GGTT
2LYG	chair_type	0.37	0.34	17.28	0.00	1	LLL	GGTT|GGTGT|GGTT
2LYG	chair_type	0.40	0.28	16.72	0.00	1	LLL	GGTT|GGTGT|GGTT
2LYG	chair_type	0.37	0.32	16.54	0.00	1	LLL	GGTT|GGTGT|GGTT
2LYG	chair_type	0.40	0.34	16.76	0.00	1	LLL	GGTT|GGTGT|GGTT
2LYG	chair_type	0.36	0.16	16.11	0.00	1	LLL	GGTT|GGTGT|GGTT
2LYG	chair_type	0.37	0.34	16.81	0.00	1	LLL	GGTT|GGTGT|GGTT
2LYG	chair_type	0.38	0.12	16.66	0.00	1	LLL	GGTT|GGTGT|GGTT
1RDE	chair_type	0.36	0.30	11.29	0.00	1	LLL	GGTT|GGTGT|GGTT
1RDE	chair_type	0.37	0.18	11.76	0.00	1	LLL	GGTT|GGTGT|GGTT
1RDE	chair_type	0.41	0.12	9.51	0.00	1	LLL	GGTT|GGTGT|GGTT
1RDE	chair_type	0.21	0.11	17.60	0.00	1	LLL	GGTT|GGTGT|GGTT
1RDE	chair_type	0.39	0.19	12.39	0.00	1	LLL	GGTT|GGTGT|GGTT
1RDE	chair_type	0.43	0.30	7.01	0.00	1	LLL	GGTT|GGTGT|GGTT
1RDE	chair_type	0.38	0.20	9.07	0.00	1	LLL	GGTT|GGTGT|GGTT
1RDE	chair_type	0.30	0.10	11.42	0.00	1	LLL	GGTT|GGTGT|GGTT
1RDE	chair_type	0.31	0.17	10.47	0.00	1	LLL	GGTT|GGTGT|GGTT
1RDE	chair_type	0.32	0.23	10.96	0.00	1	LLL	GGTT|GGTGT|GGTT
1RDE	chair_type	0.33	0.17	9.66	0.00	1	LLL	GGTT|GGTGT|GGTT
1EMQ	four_strand	0.20	0.23	25.66	1.71	4	P	GGT
1EVN	four_strand	0.64	0.12	24.52	4.30	4	O	GGGT
1EVN	four_strand	0.65	0.11	24.63	4.23	4	O	GGGT
1EVN	four_strand	0.66	0.13	24.53	4.29	4	O	GGGT
1EVN	four_strand	0.67	0.13	24.55	4.26	4	O	GGGT
1EVN	four_strand	0.66	0.13	24.54	4.29	4	O	GGGT
1EVN	four_strand	0.66	0.13	24.54	4.29	4	O	GGGT
1EVN	four_strand	0.67	0.13	24.55	4.26	4	O	GGGT
139D	four_strand	0.28	0.08	26.30	3.00	4	O	GGGGT
139D	four_strand	0.20	0.14	27.91	1.40	4	O	GGGGT
139D	four_strand	0.62	0.22	27.55	3.05	4	O	GGGGT
139D	four_strand	0.86	0.46	25.24	4.87	4	O	GGGGT
1EVM	four_strand	0.65	0.17	25.32	3.87	4	O	GGGT
1EVM	four_strand	0.66	0.17	25.28	3.90	4	O	GGGT
1EVM	four_strand	0.67	0.18	25.34	3.85	4	O	GGGT
1EVM	four_strand	0.65	0.17	25.32	3.87	4	O	GGGT
1EVM	four_strand	0.63	0.16	25.27	3.89	4	O	GGGT
1EVM	four_strand	0.62	0.16	25.27	3.93	4	O	GGGT
1EVM	four_strand	0.66	0.18	25.29	3.89	4	O	GGGT
1EVM	four_strand	0.67	0.18	25.35	3.85	4	O	GGGT
1NP9	four_strand	0.42	0.16	26.15	0.52	4	O	GGGT
1NP9	four_strand	0.19	0.13	27.24	1.20	4	O	GGGT
1NP9	four_strand	0.40	0.17	27.01	1.50	4	O	GGGT
1NP9	four_strand	0.24	0.13	26.79	2.86	4	O	GGGT
1NP9	four_strand	0.16	0.07	26.87	1.09	4	O	GGGT
1NP9	four_strand	0.25	0.13	25.98	2.13	4	O	GGGT
1NP9	four_strand	0.38	0.21	26.39	2.30	4	O	GGGT
1NP9	four_strand	0.27	0.15	25.89	1.54	4	O	GGGT
1NP9	four_strand	0.32	0.15	25.82	2.25	4	O	GGGT
1NP9	four_strand	0.38	0.12	25.91	1.56	4	O	GGGT
1NP9	four_strand	0.33	0.16	26.43	1.54	4	O	GGGT
1O0K	four_strand	0.44	0.21	28.47	2.69	4	O	GGGGT
1NZM	four_strand	0.39	0.23	21.47	2.74	4	O	GGGT
1NZM	four_strand	0.40	0.19	23.52	2.92	4	O	GGGT
1NZM	four_strand	0.56	0.37	24.28	4.08	4	O	GGGT
1NZM	four_strand	0.54	0.25	23.66	4.08	4	O	GGGT
1NZM	four_strand	0.42	0.16	25.51	3.96	4	O	GGGT
1NZM	four_strand	0.47	0.14	24.13	2.83	4	O	GGGT
1NZM	four_strand	0.39	0.20	24.66	2.59	4	O	GGGT
1NZM	four_strand	0.51	0.43	24.90	4.21	4	O	GGGT
1NZM	four_strand	0.36	0.12	24.43	3.78	4	O	GGGT
1NZM	four_strand	0.42	0.09	24.78	4.38	4	O	GGGT
1EVO	four_strand	0.67	0.24	25.60	1.94	4	P	GGGC
1EVO	four_strand	0.60	0.25	25.66	1.85	4	P	GGGC
1EVO	four_strand	0.64	0.27	25.50	1.93	4	P	GGGC
1EVO	four_strand	0.65	0.22	25.41	2.03	4	P	GGGC
1EVO	four_strand	0.65	0.26	25.44	1.98	4	P	GGGC
1EVO	four_strand	0.66	0.24	25.15	1.84	4	P	GGGC
1EVO	four_strand	0.67	0.22	25.72	1.85	4	P	GGGC
1EVO	four_strand	0.58	0.27	25.80	1.84	4	P	GGGC
1EVO	four_strand	0.66	0.23	25.18	1.68	4	P	GGGC
1EVO	four_strand	0.70	0.19	25.51	1.91	4	P	GGGC
2LOD	pdl	0.41	0.23	21.14	3.95	1	PDL	GGGAT|GGGACACA|GGGGAC
2LOD	pdl	0.34	0.11	19.58	5.99	1	PDL	GGGAT|GGGACACA|GGGGAC
2LOD	pdl	0.35	0.15	21.09	3.54	1	PDL	GGGAT|GGGACACA|GGGGAC
2LOD	pdl	0.53	0.36	19.75	5.91	1	PDL	GGGAT|GGGACACA|GGGGAC
2LOD	pdl	0.44	0.29	20.34	2.43	1	PDL	GGGAT|GGGACACA|GGGGAC
2LOD	pdl	0.40	0.27	21.69	3.28	1	PDL	GGGAT|GGGACACA|GGGGAC
2LOD	pdl	0.31	0.29	20.42	5.46	1	PDL	GGGAT|GGGACACA|GGGGAC
2LOD	pdl	0.39	0.20	21.37	3.65	1	PDL	GGGAT|GGGACACA|GGGGAC
2LOD	pdl	0.44	0.32	21.58	4.27	1	PDL	GGGAT|GGGACACA|GGGGAC
2LOD	pdl	0.37	0.21	21.87	4.66	1	PDL	GGGAT|GGGACACA|GGGGAC
2O3M	pplp	0.11	0.02	26.85	1.69	1	PPLP	GGGA|GGGC|GCT|GGGAGGAG
2O3M	pplp	0.12	0.01	26.91	1.14	1	PPLP	GGGA|GGGC|GCT|GGGAGGAG
2O3M	pplp	0.14	0.03	26.98	1.49	1	PPLP	GGGA|GGGC|GCT|GGGAGGAG
2O3M	pplp	0.15	0.03	26.83	1.73	1	PPLP	GGGA|GGGC|GCT|GGGAGGAG
2O3M	pplp	0.11	0.02	27.29	1.22	1	PPLP	GGGA|GGGC|GCT|GGGAGGAG
2O3M	pplp	0.14	0.01	26.51	1.82	1	PPLP	GGGA|GGGC|GCT|GGGAGGAG
2O3M	pplp	0.14	0.04	26.85	1.43	1	PPLP	GGGA|GGGC|GCT|GGGAGGAG
2O3M	pplp	0.15	0.02	28.25	0.00	1	PPP	GGAG|GGCGCTG|GGAGGAG
2O3M	pplp	0.14	0.01	27.05	1.34	1	PPLP	GGGA|GGGC|GCT|GGGAGGAG
2O3M	pplp	0.13	0.02	27.05	1.15	1	PPLP	GGGA|GGGC|GCT|GGGAGGAG
2O3M	pplp	0.12	0.01	27.03	1.21	1	PPLP	GGGA|GGGC|GCT|GGGAGGAG
2M53	pplp	0.47	0.24	19.36	7.92	1	PLP	GGGGGTG|GAC|GGGCC
2M53	pplp	0.37	0.26	19.24	8.74	1	PLP	GGGGGTG|GAC|GGGCC
2M53	pplp	0.43	0.29	19.39	7.41	1	PLP	GGGGGTG|GAC|GGGCC
2M53	pplp	0.45	0.29	17.91	8.71	1	PLP	GGGGGTG|GAC|GGGCC
2M53	pplp	0.45	0.33	19.39	5.79	1	PLP	GGGGGTG|GAC|GGGCC
2M53	pplp	0.35	0.30	18.12	8.58	1	PLP	GGGGGTG|GAC|GGGCC
2M53	pplp	0.47	0.32	20.93	6.22	1	PLP	GGGGGTG|GAC|GGGCC
2M53	pplp	0.47	0.30	21.49	5.44	1	PLP	GGGGGTG|GAC|GGGCC
2M53	pplp	0.55	0.25	20.25	6.04	1	PLP	GGGGGTG|GAC|GGGCC
2M53	pplp	0.45	0.36	20.93	6.90	1	PLP	GGGGGTG|GAC|GGGCC
3QXR	pplp	0.55	0.22	28.48	1.86	2	PPLP	GGGA|GGGC|GC|GGGAGGAG
3R6R	propeller	0.35	0.19	26.45	1.09	1	PPP	GGGTTA|GGGTTA|GGGTTA
2A5P	propeller	0.16	0.07	28.29	1.46	1	PPPD	GGGT|GGIGA|GGGT|GGGGAAG
2A5P	propeller	0.18	0.13	27.71	1.66	1	PPPD	GGGT|GGIGA|GGGT|GGGGAAG
2A5P	propeller	0.17	0.10	28.10	1.29	1	PPPD	GGGT|GGIGA|GGGT|GGGGAAG
2A5P	propeller	0.15	0.12	27.93	1.33	1	PPPD	GGGT|GGIGA|GGGT|GGGGAAG
2A5P	propeller	0.13	0.07	28.03	0.73	1	PPPD	GGGT|GGIGA|GGGT|GGGGAAG
2A5P	propeller	0.14	0.07	27.96	0.95	1	PPPD	GGGT|GGIGA|GGGT|GGGGAAG
2A5P	propeller	0.13	0.06	27.33	0.76	1	PPPD	GGGT|GGIGA|GGGT|GGGGAAG
2A5P	propeller	0.12	0.06	27.38	0.62	1	PPPD	GGGT|GGIGA|GGGT|GGGGAAG
2LXQ	propeller	0.25	0.13	25.63	1.40	1	PPP	GGGT|GGGTT|GGGT
2LXQ	propeller	0.16	0.11	25.78	1.29	1	PPP	GGGT|GGGTT|GGGT
2LXQ	propeller	0.19	0.10	25.99	1.40	1	PPP	GGGT|GGGTT|GGGT
2LXQ	propeller	0.20	0.10	25.99	1.14	1	PPP	GGGT|GGGTT|GGGT
2LXQ	propeller	0.14	0.15	26.00	0.80	1	PPP	GGGT|GGGTT|GGGT
2LXQ	propeller	0.24	0.14	25.51	1.32	1	PPP	GGGT|GGGTT|GGGT
2LXQ	propeller	0.16	0.18	25.73	1.05	1	PPP	GGGT|GGGTT|GGGT
2LXQ	propeller	0.21	0.11	26.01	1.53	1	PPP	GGGT|GGGTT|GGGT
2LXQ	propeller	0.19	0.13	25.54	1.11	1	PPP	GGGT|GGGTT|GGGT
2LXQ	propeller	0.19	0.12	26.32	1.32	1	PPP	GGGT|GGGTT|GGGT
2LXQ	propeller	0.14	0.12	26.02	1.12	1	PPP	GGGT|GGGTT|GGGT
2LXQ	propeller	0.14	0.12	25.82	1.13	1	PPP	GGGT|GGGTT|GGGT
2M4P	propeller	0.12	0.02	29.85	1.47	1	PPPP	GT|GGT|GGGT|GGGT
2M4P	propeller	0.18	0.10	29.18	1.06	1	PPPP	GT|GGT|GGGT|GGGT
2M4P	propeller	0.17	0.16	29.15	0.41	1	PPPP	GT|GGT|GGGT|GGGT
2M4P	propeller	0.12	0.04	28.43	0.49	1	PPPP	GT|GGT|GGGT|GGGT
2M4P	propeller	0.12	0.07	27.95	0.70	1	PPPP	GT|GGT|GGGT|GGGT
2M4P	propeller	0.14	0.10	29.11	1.64	1	PPPP	GT|GGT|GGGT|GGGT
2M4P	propeller	0.18	0.13	28.71	0.46	1	PPPP	GT|GGT|GGGT|GGGT
2M4P	propeller	0.16	0.02	27.66	0.09	1	PPPP	GT|GGT|GGGT|GGGT
2M4P	propeller	0.13	0.06	28.47	0.87	1	PPPP	GT|GGT|GGGT|GGGT
2M4P	propeller	0.14	0.04	27.73	0.97	1	PPPP	GT|GGT|GGGT|GGGT
4DAQ	propeller	0.34	0.36	26.25	3.39	1	PPP	GGGTTA|GGGTTA|GGGTTA
4DA3	propeller	0.40	0.39	26.54	3.26	1	PPP	GGGTTA|GGGTTA|GGGTTA
1MYQ	propeller	0.39	0.15	20.31	10.82	2	PPP	GGA|GGA|GGA
2MGN	propeller	0.26	0.02	28.02	2.04	1	PPPD	GGGT|GGTGA|GGGT|GGGGAAG
2MGN	propeller	0.34	0.01	28.09	0.03	1	PPPD	GGGT|GGTGA|GGGT|GGGGAAG
2MGN	propeller	0.48	0.11	28.40	0.00	1	PLPD	GGTG|GTGAG|GGTG|GGGAAG
2MGN	propeller	0.21	0.10	27.21	0.49	1	PPPD	GGGT|GGTGA|GGGT|GGGGAAG
2MGN	propeller	0.30	0.05	27.91	0.00	1	PLPD	GGTG|GTGAG|GGTG|GGGAAG
2MGN	propeller	0.40	0.04	27.61	1.08	1	PPPD	GGGT|GGTGA|GGGT|GGGGAAG
2MGN	propeller	0.23	0.03	27.52	1.55	1	PPPD	GGGT|GGTGA|GGGT|GGGGAAG
2MGN	propeller	0.19	0.10	28.93	0.66	1	PPPD	GGGT|GGTGA|GGGT|GGGGAAG
2MGN	propeller	0.32	0.03	28.50	0.99	1	PPPD	GGGT|GGTGA|GGGT|GGGGAAG
2MGN	propeller	0.26	0.17	27.69	0.69	1	PPPD	GGGT|GGTGA|GGGT|GGGGAAG
2KZE	propeller	0.38	0.15	26.70	0.06	1	PPP	GGGA|GGGICT|GGGA
2KZE	propeller	0.39	0.15	25.96	0.77	1	PPP	GGGA|GGGICT|GGGA
2KZE	propeller	0.33	0.19	27.01	0.63	1	PPP	GGGA|GGGICT|GGGA
2KZE	propeller	0.37	0.09	27.23	0.94	1	PPP	GGGA|GGGICT|GGGA
2KZE	propeller	0.34	0.10	27.28	0.85	1	PPP	GGGA|GGGICT|GGGA
2KZE	propeller	0.30	0.21	29.17	0.70	1	PPP	GGGA|GGGICT|GGGA
2KZE	propeller	0.41	0.27	26.58	2.86	1	PPP	GGGA|GGGICT|GGGA
2KZE	propeller	0.45	0.14	27.92	0.84	1	PPP	GGGA|GGGICT|GGGA
2KZE	propeller	0.45	0.17	27.13	2.69	1	PPP	GGGA|GGGICT|GGGA
2KZE	propeller	0.47	0.19	28.00	1.69	1	PPP	GGGA|GGGICT|GGGA
2KQH	propeller	0.42	0.23	25.19	0.75	1	PPP	GGGC|GGGCGCGA|GGGA
2KQH	propeller	0.43	0.28	25.67	0.82	1	PPP	GGGC|GGGCGCGA|GGGA
2KQH	propeller	0.26	0.14	25.08	1.36	1	PPP	GGGC|GGGCGCGA|GGGA
2KQH	propeller	0.51	0.37	23.42	1.72	1	PPP	GGGC|GGGCGCGA|GGGA
2KQH	propeller	0.40	0.19	25.57	1.01	1	PPP	GGGC|GGGCGCGA|GGGA
2KQH	propeller	0.22	0.17	27.00	0.08	1	PPP	GGGC|GGGCGCGA|GGGA
2KQH	propeller	0.19	0.18	25.63	1.01	1	PPP	GGGC|GGGCGCGA|GGGA
2KQH	propeller	0.26	0.14	24.84	1.35	1	PPP	GGGC|GGGCGCGA|GGGA
2KQH	propeller	0.28	0.19	25.81	1.33	1	PPP	GGGC|GGGCGCGA|GGGA
2KQH	propeller	0.46	0.34	26.49	0.12	1	PPP	GGGC|GGGCGCGA|GGGA
2L88	propeller	0.27	0.16	20.54	0.40	1	PPP	GGGGCG|GGGC|GGGGCG
2L88	propeller	0.26	0.17	20.76	0.38	1	PPP	GGGGCG|GGGC|GGGGCG
2L88	propeller	0.28	0.16	20.83	0.44	1	PPP	GGGGCG|GGGC|GGGGCG
2L88	propeller	0.28	0.17	20.65	0.57	1	PPP	GGGGCG|GGGC|GGGGCG
2L88	propeller	0.28	0.18	21.14	0.69	1	PPP	GGGGCG|GGGC|GGGGCG
2L88	propeller	0.29	0.17	20.82	0.64	1	PPP	GGGGCG|GGGC|GGGGCG
2L88	propeller	0.27	0.16	20.68	0.48	1	PPP	GGGGCG|GGGC|GGGGCG
2L88	propeller	0.27	0.17	20.18	0.31	1	PPP	GGGGCG|GGGC|GGGGCG
2L88	propeller	0.26	0.18	20.67	0.25	1	PPP	GGGGCG|GGGC|GGGGCG
2L88	propeller	0.30	0.18	20.65	0.48	1	PPP	GGGGCG|GGGC|GGGGCG
1KF1	propeller	0.49	0.31	27.03	0.39	1	PPP	GGGTTA|GGGTTA|GGGTTA
2L7V	propeller	0.22	0.06	26.30	1.15	1	PPP	GGGT|GGGTA|GGGT
2L7V	propeller	0.33	0.22	26.60	0.48	1	PPP	GGGT|GGGTA|GGGT
2L7V	propeller	0.38	0.18	26.47	0.57	1	PPP	GGGT|GGGTA|GGGT
2L7V	propeller	0.24	0.14	26.09	1.53	1	PPP	GGGT|GGGTA|GGGT
2L7V	propeller	0.23	0.14	26.54	0.66	1	PPP	GGGT|GGGTA|GGGT
2L7V	propeller	0.26	0.17	26.15	0.29	1	PPP	GGGT|GGGTA|GGGT
2L7V	propeller	0.35	0.24	26.21	1.26	1	PPP	GGGT|GGGTA|GGGT
2L7V	propeller	0.20	0.06	26.23	1.64	1	PPP	GGGT|GGGTA|GGGT
2L7V	propeller	0.17	0.11	25.91	0.80	1	PPP	GGGT|GGGTA|GGGT
2L7V	propeller	0.28	0.13	26.34	0.26	1	PPP	GGGT|GGGTA|GGGT
2A5R	propeller	0.08	0.04	26.83	1.22	1	PPPD	GGGT|GGIGA|GGGT|GGGGAAG
2A5R	propeller	0.09	0.03	26.79	0.88	1	PPPD	GGGT|GGIGA|GGGT|GGGGAAG
2A5R	propeller	0.08	0.03	27.05	0.82	1	PPPD	GGGT|GGIGA|GGGT|GGGGAAG
2A5R	propeller	0.05	0.02	27.04	0.24	1	PPPD	GGGT|GGIGA|GGGT|GGGGAAG
2A5R	propeller	0.07	0.00	26.68	0.07	1	PPPD	GGGT|GGIGA|GGGT|GGGGAAG
2A5R	propeller	0.07	0.02	26.99	0.40	1	PPPD	GGGT|GGIGA|GGGT|GGGGAAG
2KYP	propeller	0.13	0.07	26.86	0.40	1	PPP	GGGC|GGGCGCTA|GGGA
2KYP	propeller	0.13	0.10	26.55	0.85	1	PPP	GGGC|GGGCGCTA|GGGA
2KYP	propeller	0.09	0.05	26.82	0.50	1	PPP	GGGC|GGGCGCTA|GGGA
2KYP	propeller	0.13	0.10	27.30	0.48	1	PPP	GGGC|GGGCGCTA|GGGA
2KYP	propeller	0.13	0.09	27.07	0.07	1	PPP	GGGC|GGGCGCTA|GGGA
2KYP	propeller	0.10	0.04	27.08	0.40	1	PPP	GGGC|GGGCGCTA|GGGA
2KYP	propeller	0.13	0.05	26.52	0.18	1	PPP	GGGC|GGGCGCTA|GGGA
2KYP	propeller	0.05	0.02	26.53	0.82	1	PPP	GGGC|GGGCGCTA|GGGA
2KYP	propeller	0.14	0.07	26.54	0.65	1	PPP	GGGC|GGGCGCTA|GGGA
2KYP	propeller	0.13	0.04	26.78	0.28	1	PPP	GGGC|GGGCGCTA|GGGA
2KYP	propeller	0.04	0.02	26.51	0.96	1	PPP	GGGC|GGGCGCTA|GGGA
2KYP	propeller	0.16	0.11	26.55	0.17	1	PPP	GGGC|GGGCGCTA|GGGA
2LBY	propeller	0.17	0.06	26.83	1.40	1	PPP	GGGA|GGGTA|GGGA
2LBY	propeller	0.15	0.03	26.54	2.29	1	PPP	GGGA|GGGTA|GGGA
2LBY	propeller	0.21	0.09	26.74	0.19	1	PPP	GGGA|GGGTA|GGGA
2LBY	propeller	0.19	0.06	26.45	1.25	1	PPP	GGGA|GGGTA|GGGA
2LBY	propeller	0.23	0.06	27.74	2.09	1	PPP	GGGA|GGGTA|GGGA
2LBY	propeller	0.17	0.04	27.32	0.66	1	PPP	GGGA|GGGTA|GGGA
2LBY	propeller	0.07	0.02	26.17	1.05	1	PPP	GGGA|GGGTA|GGGA
2LBY	propeller	0.17	0.05	25.91	2.57	1	PPP	GGGA|GGGTA|GGGA
2LBY	propeller	0.19	0.08	27.45	1.89	1	PPP	GGGA|GGGTA|GGGA
2LBY	propeller	0.10	0.03	26.30	2.41	1	PPP	GGGA|GGGTA|GGGA
1XAV	propeller	0.34	0.11	24.90	2.41	1	PPP	GGGT|GGGTA|GGGT
1XAV	propeller	0.24	0.13	25.12	1.28	1	PPP	GGGT|GGGTA|GGGT
1XAV	propeller	0.39	0.15	24.38	2.79	1	PPP	GGGT|GGGTA|GGGT
1XAV	propeller	0.27	0.22	25.28	2.24	1	PPP	GGGT|GGGTA|GGGT
1XAV	propeller	0.30	0.12	26.42	1.97	1	PPP	GGGT|GGGTA|GGGT
1XAV	propeller	0.25	0.17	24.75	1.64	1	PPP	GGGT|GGGTA|GGGT
1XAV	propeller	0.26	0.09	25.50	2.69	1	PPP	GGGT|GGGTA|GGGT
1XAV	propeller	0.49	0.12	24.72	2.45	1	PPP	GGGT|GGGTA|GGGT
1XAV	propeller	0.24	0.23	24.63	3.74	1	PPP	GGGT|GGGTA|GGGT
1XAV	propeller	0.37	0.17	24.91	3.13	1	PPP	GGGT|GGGTA|GGGT
1XAV	propeller	0.42	0.16	25.86	2.90	1	PPP	GGGT|GGGTA|GGGT
1XAV	propeller	0.29	0.05	25.68	1.83	1	PPP	GGGT|GGGTA|GGGT
1XAV	propeller	0.44	0.11	24.67	2.12	1	PPP	GGGT|GGGTA|GGGT
1XAV	propeller	0.39	0.14	25.50	3.30	1	PPP	GGGT|GGGTA|GGGT
1XAV	propeller	0.26	0.00	24.91	4.01	1	PPP	GGGT|GGGTA|GGGT
1XAV	propeller	0.37	0.10	25.96	3.78	1	PPP	GGGT|GGGTA|GGGT
1XAV	propeller	0.35	0.11	25.37	3.75	1	PPP	GGGT|GGGTA|GGGT
1XAV	propeller	0.35	0.12	24.90	3.30	1	PPP	GGGT|GGGTA|GGGT
1XAV	propeller	0.34	0.15	25.57	2.30	1	PPP	GGGT|GGGTA|GGGT
1XAV	propeller	0.26	0.02	24.75	2.09	1	PPP	GGGT|GGGTA|GGGT
2KQG	propeller	0.24	0.13	23.19	3.03	1	PPP	GGGC|GGGCACGA|GGGA
2KQG	propeller	0.22	0.10	24.74	1.45	1	PPP	GGGC|GGGCACGA|GGGA
2KQG	propeller	0.17	0.05	24.02	0.07	1	PPP	GGGC|GGGCACGA|GGGA
2KQG	propeller	0.17	0.12	24.67	2.79	1	PPP	GGGC|GGGCACGA|GGGA
2KQG	propeller	0.17	0.01	24.01	2.14	1	PPP	GGGC|GGGCACGA|GGGA
2KQG	propeller	0.34	0.21	22.95	2.70	1	PPP	GGGC|GGGCACGA|GGGA
2KQG	propeller	0.40	0.22	23.30	2.56	1	PPP	GGGC|GGGCACGA|GGGA
2KQG	propeller	0.18	0.07	24.69	1.65	1	PPP	GGGC|GGGCACGA|GGGA
2KQG	propeller	0.25	0.14	24.00	2.44	1	PPP	GGGC|GGGCACGA|GGGA
2KQG	propeller	0.39	0.22	23.33	2.69	1	PPP	GGGC|GGGCACGA|GGGA
3UYH	propeller	0.39	0.36	26.43	2.11	1	PPP	GGGTTA|GGGTTA|GGGTTA
4G0F	propeller	0.53	0.31	26.38	0.18	1	PPP	GGGTTA|GGGTTA|GGGTTA
2LPW	propeller	0.42	0.19	25.87	4.55	1	PPP	GGGT|GGGTGTAAGTGT|GGGT
2LPW	propeller	0.33	0.15	25.70	3.16	1	PPP	GGGT|GGGTGTAAGTGT|GGGT
2LPW	propeller	0.38	0.14	25.34	3.36	1	PPP	GGGT|GGGTGTAAGTGT|GGGT
2LPW	propeller	0.42	0.23	23.66	3.68	1	PPP	GGGT|GGGTGTAAGTGT|GGGT
2LPW	propeller	0.33	0.15	25.80	2.60	1	PPP	GGGT|GGGTGTAAGTGT|GGGT
2LPW	propeller	0.46	0.30	26.21	3.48	1	PPP	GGGT|GGGTGTAAGTGT|GGGT
2LPW	propeller	0.34	0.09	26.49	2.10	1	PPP	GGGT|GGGTGTAAGTGT|GGGT
2LPW	propeller	0.44	0.08	25.96	1.62	1	PPP	GGGT|GGGTGTAAGTGT|GGGT
2LPW	propeller	0.42	0.06	25.68	2.60	1	PPP	GGGT|GGGTGTAAGTGT|GGGT
1Y8D	propeller	0.10	0.03	27.45	2.59	2	PPP	GGGGT|GGGA|GGA
1Y8D	propeller	0.09	0.05	27.33	2.36	2	PPP	GGGGT|GGGA|GGA
1Y8D	propeller	0.07	0.02	27.35	2.74	2	PPP	GGGGT|GGGA|GGA
1Y8D	propeller	0.11	0.04	27.19	2.17	2	PPP	GGGGT|GGGA|GGA
1Y8D	propeller	0.10	0.06	27.23	2.47	2	PPP	GGGGT|GGGA|GGA
1Y8D	propeller	0.05	0.03	27.36	2.15	2	PPP	GGGGT|GGGA|GGA
1Y8D	propeller	0.11	0.08	27.30	2.72	2	PPP	GGGGT|GGGA|GGA
1Y8D	propeller	0.08	0.03	27.50	2.12	2	PPP	GGGGT|GGGA|GGA
1Y8D	propeller	0.10	0.07	27.11	2.48	2	PPP	GGGGT|GGGA|GGA
1Y8D	propeller	0.14	0.05	27.57	1.84	2	PPP	GGGGT|GGGA|GGA
3SC8	propeller	0.45	0.33	26.73	0.98	1	PPP	GGGTTA|GGGTTA|GGGTTA
3T5E	propeller	0.41	0.30	26.83	0.03	1	PPP	GGGTTA|GGGTTA|GGGTTA
4FXM	propeller	0.57	0.34	26.74	0.04	1	PPP	GGGTTA|GGGTTA|GGGTTA
1OZ8	propeller	0.53	0.24	19.25	12.96	1	PPPPPPP	GGA|GGA|GGA|GGA|GGA|GGA|GGA
1OZ8	propeller	0.49	0.19	19.45	12.94	1	PPPPPPP	GGA|GGA|GGA|GGA|GGA|GGA|GGA
1OZ8	propeller	0.50	0.18	19.40	12.84	1	PPPPPPP	GGA|GGA|GGA|GGA|GGA|GGA|GGA
1OZ8	propeller	0.61	0.24	19.87	13.40	1	PPPPPPP	GGA|GGA|GGA|GGA|GGA|GGA|GGA
1OZ8	propeller	0.42	0.18	19.16	12.94	1	PPPPPPP	GGA|GGA|GGA|GGA|GGA|GGA|GGA
1OZ8	propeller	0.56	0.37	18.46	12.17	1	PPPPPPP	GGA|GGA|GGA|GGA|GGA|GGA|GGA
1OZ8	propeller	0.54	0.37	18.75	12.35	1	PPPPPPP	GGA|GGA|GGA|GGA|GGA|GGA|GGA
1OZ8	propeller	0.51	0.34	18.76	12.18	1	PPPPPPP	GGA|GGA|GGA|GGA|GGA|GGA|GGA
1OZ8	propeller	0.50	0.37	18.65	12.15	1	PPPPPPP	GGA|GGA|GGA|GGA|GGA|GGA|GGA
1OZ8	propeller	0.54	0.37	18.67	12.00	1	PPPPPPP	GGA|GGA|GGA|GGA|GGA|GGA|GGA
1OZ8	propeller	0.57	0.38	18.48	12.11	1	PPPPPPP	GGA|GGA|GGA|GGA|GGA|GGA|GGA
1OZ8	propeller	0.54	0.36	18.52	12.13	1	PPPPPPP	GGA|GGA|GGA|GGA|GGA|GGA|GGA
1OZ8	propeller	0.53	0.35	18.68	12.37	1	PPPPPPP	GGA|GGA|GGA|GGA|GGA|GGA|GGA
1OZ8	propeller	0.51	0.40	18.84	12.33	1	PPPPPPP	GGA|GGA|GGA|GGA|GGA|GGA|GGA
1OZ8	propeller	0.56	0.39	18.80	11.95	1	PPPPPPP	GGA|GGA|GGA|GGA|GGA|GGA|GGA
1OZ8	propeller	0.53	0.17	28.79	0.00	1	PPP	GGA|GGA|GGA
1OZ8	propeller	0.54	0.35	19.20	12.28	1	PPPPPPP	GGA|GGA|GGA|GGA|GGA|GGA|GGA
1OZ8	propeller	0.55	0.34	19.01	12.36	1	PPPPPPP	GGA|GGA|GGA|GGA|GGA|GGA|GGA
1OZ8	propeller	0.55	0.33	18.89	12.00	1	PPPPPPP	GGA|GGA|GGA|GGA|GGA|GGA|GGA
1OZ8	propeller	0.42	0.08	28.81	0.00	1	PPP	GGA|GGA|GGA
2LD8	propeller	0.41	0.17	25.47	2.43	1	PPP	GGGTTA|GGGTTA|GGGTTA
2LD8	propeller	0.39	0.02	25.40	2.61	1	PPP	GGGTTA|GGGTTA|GGGTTA
2LD8	propeller	0.48	0.12	25.28	2.09	1	PPP	GGGTTA|GGGTTA|GGGTTA
2LD8	propeller	0.58	0.11	24.34	4.16	1	PPP	GGGTTA|GGGTTA|GGGTTA
2LD8	propeller	0.56	0.09	25.00	4.04	1	PPP	GGGTTA|GGGTTA|GGGTTA
2LD8	propeller	0.66	0.27	24.68	3.43	1	PPP	GGGTTA|GGGTTA|GGGTTA
2LD8	propeller	0.41	0.03	24.81	3.35	1	PPP	GGGTTA|GGGTTA|GGGTTA
2LD8	propeller	0.46	0.16	24.37	3.56	1	PPP	GGGTTA|GGGTTA|GGGTTA
2LD8	propeller	0.37	0.09	25.25	2.52	1	PPP	GGGTTA|GGGTTA|GGGTTA
2LD8	propeller	0.44	0.10	24.80	3.05	1	PPP	GGGTTA|GGGTTA|GGGTTA
2LEE	propeller	0.52	0.13	26.99	0.17	1	PPP	GGGC|GGGA|GGGA
2LEE	propeller	0.53	0.06	27.21	1.74	1	PPP	GGGC|GGGA|GGGA
2LEE	propeller	0.55	0.17	27.26	0.46	1	PPP	GGGC|GGGA|GGGA
2LEE	propeller	0.56	0.05	27.48	0.95	1	PPP	GGGC|GGGA|GGGA
2LEE	propeller	0.59	0.09	27.24	0.80	1	PPP	GGGC|GGGA|GGGA
2LEE	propeller	0.63	0.10	27.11	0.87	1	PPP	GGGC|GGGA|GGGA
2LEE	propeller	0.54	0.06	27.77	0.69	1	PPP	GGGC|GGGA|GGGA
2LEE	propeller	0.52	0.15	27.21	0.67	1	PPP	GGGC|GGGA|GGGA
2LEE	propeller	0.58	0.20	27.21	0.38	1	PPP	GGGC|GGGA|GGGA
2LEE	propeller	0.52	0.09	26.97	0.44	1	PPP	GGGC|GGGA|GGGA
2M27	propeller	0.12	0.09	23.70	2.66	1	PPP	GGGC|GGGCCTT|GGGC
2M27	propeller	0.13	0.12	23.43	2.33	1	PPP	GGGC|GGGCCTT|GGGC
2M27	propeller	0.13	0.10	23.32	2.57	1	PPP	GGGC|GGGCCTT|GGGC
2M27	propeller	0.13	0.07	24.12	2.58	1	PPP	GGGC|GGGCCTT|GGGC
2M27	propeller	0.12	0.09	23.72	2.78	1	PPP	GGGC|GGGCCTT|GGGC
2M27	propeller	0.18	0.05	24.40	0.49	1	PPP	GGGC|GGGCCTT|GGGC
2M27	propeller	0.12	0.10	23.33	2.51	1	PPP	GGGC|GGGCCTT|GGGC
2M27	propeller	0.13	0.07	24.14	2.56	1	PPP	GGGC|GGGCCTT|GGGC
2M27	propeller	0.12	0.07	24.02	2.44	1	PPP	GGGC|GGGCCTT|GGGC
2M27	propeller	0.13	0.07	23.92	2.48	1	PPP	GGGC|GGGCCTT|GGGC
3CDM	propeller	0.42	0.26	26.21	1.31	2	PPP	GGGTTA|GGGTTA|GGGTTA
